"DESCRIPTION","DURATION IN MS","NAME","PARENT SUITE","START TIME","STATUS","STOP TIME","SUB SUITE","SUITE","TEST CLASS","TEST METHOD"
"","1982","get started link","webkit","2026-08-18","passed","2026-08-18","","example.spec.js","",""
"","30027","test","chromium","2026-08-18","broken","2026-08-18","","amazon.spec.js","",""
"","30031","test","firefox","2026-08-18","broken","2026-08-18","","amazon.spec.js","",""
"","944","get started link","firefox","2026-08-18","passed","2026-08-18","","example.spec.js","",""
"","563","get started link","chromium","2026-08-18","passed","2026-08-18","","example.spec.js","",""
"","30024","test","webkit","2026-08-18","broken","2026-08-18","","amazon.spec.js","",""
"","1282","has title","firefox","2026-08-18","passed","2026-08-18","","example.spec.js","",""
"","378","has title","chromium","2026-08-18","passed","2026-08-18","","example.spec.js","",""
"","760","has title","webkit","2026-08-18","passed","2026-08-18","","example.spec.js","",""
